individuo;playa;corte;madurez;cultivo;tejido;SOD;CAT;GPx;GR;GST;DTD;G6PDH;proteina;TEAC;MDA;Facida;Fbasica;Mielo;Lisozima
1;Calahonda;No;No;No;Tentaculo;60,08735148;17,5909563;11,73772847;10,43362648;120,3737313;1,59322396;2,340089052;8,265;860,75;28,68592058;2,385180098;6,721494634;17,67318938;
2;Calahonda;No;No;No;Tentaculo;81,57910448;12,61740548;7,818221543;11,95062635;110,299407;1,866263245;5,499714465;5,715;578,25;24,98555957;2,284363103;10,66137003;12,2359438;
3;Calahonda;No;No;No;Tentaculo;69,57396392;15,48941481;12,04218971;8,567901885;130,7181889;4,347641971;1,383900071;6,405;337;21,19494585;1,724328544;9,596781794;13,26871368;
4;Calahonda;No;No;No;Tentaculo;82,01584034;18,61141991;13,26426105;12,32690247;106,2123457;5,438465608;1,396689294;5,625;475,75;22,21780987;1,813717718;9,407167167;8,961633428;
5;Calahonda;No;No;No;Tentaculo;91,68168413;15,54728176;12,35936506;12,7674208;127,6159914;2,786234791;4,07314113;4,155;290,75;22,21780987;2,689563209;15,95923722;7,225616341;
6;Almuñecar;No;No;No;Tentaculo;78,80594364;22,26323515;13,92542791;11,58501986;196,8062983;2,879993917;1,551356195;5,61;197;22,2478941;1,801030978;7,994989642;5,22180706;
7;Almuñecar;No;No;No;Tentaculo;71,03409977;16,03658693;11,69566814;11,49820212;183,9136371;4,143061346;0,259967763;6,51;440,75;25,61732852;2,326732262;8,970149873;7,567253535;
8;Almuñecar;No;No;No;Tentaculo;59,48804054;23,75735782;9,678686415;13,40756619;139,2787524;6,233389544;0,634381396;7,695;625,75;28,32490975;2,1680628;7,854778755;9,441834247;
9;Almuñecar;No;No;No;Tentaculo;59,60744025;28,6370098;16,74142326;22,90208688;243,4329287;8,433201058;10,15818975;3,57;595,75;30,94223827;3,698084639;18,29257829;23,26755489;
10;Almuñecar;No;No;No;Tentaculo;63,57347318;12,60195011;9,485530547;14,90740741;NA;3,533689006;11,02774801;6,75;474,5;26,27918171;3,015655656;10,14048715;13,11380184;
11;Salobreña;No;No;No;Tentaculo;95,2456637;38,81968872;9,19480027;18,2103872;238,906868;8,596338248;8,641551363;4,635;228,25;26,73044525;2,585731362;14,52357212;13,72673084;
12;Salobreña;No;No;No;Tentaculo;104,7870726;49,73818384;9,669895583;21,18445267;225,0244584;7,387735849;24,26742705;3,975;435,75;20,41275572;2,847526772;12,6767069;14,93804763;
13;Salobreña;No;No;No;Tentaculo;81,73912567;37,48301768;12,75574942;14,51423658;203,8275044;5,480534554;6,913531594;5,385;283,25;20,50300842;2,150116691;11,04917731;6,268500663;
14;Salobreña;No;No;No;Tentaculo;105,9947003;36,63666236;14,7109137;23,80749632;153,747646;5,220826607;4,011723315;3,54;312;23,15042118;3,119560238;11,18338678;18,96171351;
15;Salobreña;No;No;No;Tentaculo;77,31732954;34,01617365;10,63341588;14,66040827;204,6934866;4,683189655;3,705140999;5,22;140,75;18,36702768;2,013461738;8,297124711;5,211301045;
16;Calahonda;Si;No;Si;Tentaculo;65,68764837;NA;12,65752643;14,99722166;129,0993814;3,736416692;4,160147062;6,915;507;27,06137184;2,524085908;9,403451174;12,35731811;
17;Calahonda;Si;No;Si;Tentaculo;65,20602745;28,44396073;7,211967873;12,43758502;158,0128205;5,769144918;5,608115536;6,24;NA;19,29963899;2,503638254;7,624855625;8,949789749;
18;Calahonda;Si;No;Si;Tentaculo;88,81272338;40,73860188;10,0562063;21,27713023;169,5767196;5,600344073;9,360804879;5,04;447;30,82190132;3,543543544;19,17231517;16,33364706;
19;Almuñecar;Si;No;Si;Tentaculo;64,27275308;27,95511474;7,655034424;14,05074377;160,3195641;3,872308477;1,989492129;7,545;233,25;26,6101083;2,136944101;6,740864125;8,101958052;
20;Almuñecar;Si;No;Si;Tentaculo;72,94011467;34,94054724;13,5020077;17,30917098;137,8371578;6,036494278;NA;5,52;620,75;25,94825511;2,003721112;7,358924142;19,71231265;
21;Almuñecar;Si;No;Si;Tentaculo;69,78500127;31,30251854;5,893419202;13,2491973;166,4706823;4,411129967;2,102725673;6,945;488,25;33,3188929;2,29681085;10,70838441;11,70167925;
22;Salobreña;Si;No;Si;Tentaculo;99,59750901;NA;15,24466285;19,31939979;206,2683438;5,768119197;3,543718444;3,975;NA;24,95547533;3,059663437;16,99958071;10,77191851;
23;Salobreña;Si;No;Si;Tentaculo;72,29332382;28,92238301;16,14996231;15,51765656;151,2522434;2,771965247;6,771612895;6,81;390,75;27,33212996;2,268524031;11,85855459;14,54513222;
24;Salobreña;Si;No;Si;Tentaculo;54,80895242;28,05336795;3,73064422;13,49948588;205,2130382;5,965498236;13,36496484;7,38;179,5;28,56558363;1,796528236;22,77770453;21,85806233;
25;Calahonda;No;No;Si;Tentaculo;73,48558702;17,65417619;10,07691148;13,73627049;108,1337071;1,943798238;13,76638446;6,54;408,25;29,97954272;NA;4,635959515;15,92026124;
26;Calahonda;No;No;Si;Tentaculo;67,0694754;13,20043829;5,867538742;10,9840668;98,55721393;2,649312959;22,6817223;7,035;NA;37,89169675;2,282026163;7,440993232;10,10082372;
27;Calahonda;No;No;Si;Tentaculo;89,95321334;NA;10,10029489;13,29490362;141,3644214;NA;NA;5,79;480,75;NA;3,072025393;4,623566572;17,15564708;
28;Almuñecar;No;No;Si;Tentaculo;74,92295294;22,51298768;11,80463611;13,37462959;80,22352941;1,880283224;6,064771032;6,375;467;29,34777377;1,733121357;10,8493623;9,345902464;
29;Almuñecar;No;No;Si;Tentaculo;72,17237821;18,05416129;9,060775674;15,45760391;91,57695473;2,162442681;20,80901909;6,75;465,75;34,76293622;2,569449449;17,12005339;12,37709718;
30;Almuñecar;No;No;Si;Tentaculo;84,96865457;16,82039724;5,776403988;12,81707753;122,0386905;2,768294123;12,83355875;5,04;233,25;26,45968712;1,594165594;11,93536394;13,32756749;
31;Salobreña;No;No;Si;Tentaculo;NA;23,41330521;7,260553468;14,58854353;NA;2,684346578;9,08587801;2,295;153,25;NA;3,340752517;18,98745805;19,15675102;
32;Salobreña;No;No;Si;Tentaculo;93,80890543;NA;12,77298402;13,78261223;147,3101266;1,822462494;NA;4,74;190,75;40,1179302;2,101493899;13,04200403;14,31488694;
33;Salobreña;No;No;Si;Tentaculo;77,6305545;23,93453826;9,280619612;14,76895191;115,1585103;1,978971552;2,734455024;5,415;NA;32,77737665;3,010656085;12,24892483;29,04325591;
34;Calahonda;No;Si;Si;Tentaculo;71,83190722;31,36956961;6,192846229;13,79565175;92,61721828;0,947199004;11,7804231;5,64;575,75;26,21901324;3,014951121;7,633505846;17,18068058;
35;Calahonda;No;Si;Si;Tentaculo;72,10823409;30,00135684;8,301420894;11,03421423;90,14419367;0,625795718;4,75337174;5,76;NA;30,40072202;3,483295796;10,67767768;17,67800703;
36;Calahonda;No;Si;Si;Tentaculo;88,96628619;33,63260362;8,754329047;13,38546234;139,479985;NA;5,634527964;4,455;504,5;22,45848375;2,27694361;6,134295912;16,39555575;
37;Almuñecar;No;Si;Si;Tentaculo;64,21297659;20,76765386;6,885972104;8,960378627;104,4345898;3,094155844;7,035692982;6,765;254,5;35,755716;1,819540161;9,945413262;9,642942875;
38;Almuñecar;No;Si;Si;Tentaculo;83,68258985;31,5098696;10,56357581;14,20778682;128,4783317;4,540764791;NA;5,115;304,5;33,77015644;3,511030092;10,48743758;25,52833964;
39;Almuñecar;No;Si;Si;Tentaculo;71,27720193;34,91741284;10,54152578;16,26297153;121,415685;3,254434439;12,77881683;5,235;NA;34,82310469;3,074524381;12,80501132;28,7220712;
40;Salobreña;No;Si;Si;Tentaculo;63,8644187;19,33998036;9,334779843;8,623506653;91,28545619;1,748809524;6,584668741;6,15;234,5;26,24909747;1,14225445;6,217417417;11,81128831;
41;Salobreña;No;Si;Si;Tentaculo;70,71077955;NA;9,877367104;8,662685011;83,03633823;1,753754728;5,913312856;7,155;401;39,84717208;1,586945436;10,36427623;8,296750225;
42;Salobreña;No;Si;Si;Tentaculo;101,6759875;20,06321275;12,08765035;11,12897463;103,2062455;1,576579521;3,761147188;3,825;142,25;17,28399519;2,38403109;9,651816522;9,327272219;
43;Calahonda;Si;Si;Si;Tentaculo;53,28391518;10,93329813;6,596628783;11,17121945;98,00133467;3,527477477;NA;8,325;412,25;29,25752106;2,054118984;8,697822146;7,834116167;
44;Calahonda;Si;Si;Si;Tentaculo;66,02072246;10,75182568;8,563982935;10,52725718;65,95292223;1,812984614;1,571624502;5,865;216;24,05294826;1,597198221;11,41061266;9,532592301;
45;Calahonda;Si;Si;Si;Tentaculo;73,75179862;9,223083512;6,644977056;11,33161793;90,77926626;2,017126972;2,401651383;6,345;558,5;25,94825511;2,452495048;8,044810768;11,60943404;
46;Almuñecar;Si;Si;Si;Tentaculo;53,85706283;12,15590467;4,710540551;9,029960446;77,35390174;1,833842084;8,639845241;7,995;NA;28,44524669;1,585044707;9,100282271;9,757968388;
47;Almuñecar;Si;Si;Si;Tentaculo;70,2183886;11,2741542;7,992157737;11,09384451;107,173634;3,465127167;NA;6,06;188,5;22,48856799;2,414414414;6,517646359;7,919557981;
48;Almuñecar;Si;Si;Si;Tentaculo;53,30382734;7,428748506;12,58788324;9,976512926;89,26432127;2,209955888;6,42395063;6,585;362,25;29,97954272;1,524513124;8,804284923;13,4823868;
49;Salobreña;Si;Si;Si;Tentaculo;68,83666147;27,99142797;7,609711491;10,02445699;140,0139179;1,966986447;5,04728426;7,185;416;22,81949458;1,680979518;7,444538484;17,20769469;
50;Salobreña;Si;Si;Si;Tentaculo;91,46195947;40,88460607;5,716873545;13,53694471;104,4246234;4,580598838;11,09068005;4,905;386;18,00601685;2,716455905;11,50978501;24,44207028;
51;Salobreña;Si;Si;Si;Tentaculo;86,9323766;30,08289549;9,462384799;11,67503659;97,94354839;2,846201712;14,77438179;5,58;273,5;18,39711191;1,801317446;7,572217379;20,19163756;
1;Calahonda;No;No;No;Pie;80,78382957;26,16499994;17,70173148;19,01157539;95,05743957;1,859593065;3,718981522;6,045;646,4;NA;4,131536003;4,932495771;32,36419517;316,9561621
2;Calahonda;No;No;No;Pie;46,57256378;16,93497148;9,93031941;9,468952169;75,70423661;1,8081373;25,17857097;10,425;608,4;66,95306859;2,484222352;10,70354959;26,32283916;160,2398082
3;Calahonda;No;No;No;Pie;41,28716217;19,86230093;8,346263616;12,63169155;93,00495263;1,350105166;13,08269357;10,32;634,4;41,2912154;2,078706614;4,443327048;3,721251159;152,0348837
4;Calahonda;No;No;No;Pie;61,73644217;25,72761118;12,78011852;17,17978096;119,5210728;2,157109788;31,62459499;8,7;617,4;39,30565584;2,200062131;4,587635912;4,148860399;168,9655172
5;Calahonda;No;No;No;Pie;59,24978816;24,57088917;16,93898084;9,212559192;121,0720922;1,64416994;9,478420984;8,97;582,4;55,06979543;2,554621511;9,802966846;16,18571878;161,8729097
6;Almuñecar;No;No;No;Pie;56,17183382;23,4820321;11,37273078;23,46397845;113,9398222;2,243073956;39,64054844;9,435;546,4;36,59807461;3,101581709;6,939238125;20,30718501;134,7641759
7;Almuñecar;No;No;No;Pie;60,5016554;23,73690276;13,7307983;16,15332043;118,808631;2,69492726;33,55359723;8,445;655,4;53,26474128;3,399164706;7,573072184;26,03004357;193,901717
8;Almuñecar;No;No;No;Pie;45,06929573;15,63726559;12,09212536;22,90476222;NA;1,669197544;26,87747815;9,78;608,4;39,2755716;3,554044842;4,156598316;13,27544658;147,1370143
9;Almuñecar;No;No;No;Pie;46,81072242;34,17549315;12,36775525;10,02023838;153,2987798;1,4036098;9,869205683;10,29;647,4;58,04813478;2,780378046;3,937768672;3,441541452;209,4752187
10;Almuñecar;No;No;No;Pie;44,46395095;27,25973717;11,81092348;8,411234854;174,5339711;1,864970961;9,872258068;9,06;598,4;46,64620939;4,38247519;6,63086928;7,915003962;128,0353201
11;Salobreña;No;No;No;Pie;58,60529297;27,97101683;10,75634889;15,80493523;NA;2,325927964;9,727055162;8,76;593,4;33,49939832;2,507795467;23,40075692;1,542071576;67,35159817
12;Salobreña;No;No;No;Pie;45,48133697;21,52869256;10,19739074;12,58749686;87,38625744;2,144932615;6,19363679;11,295;643,4;33,07821901;2,863612617;3,182497238;14,89209354;92,16467463
13;Salobreña;No;No;No;Pie;46,99006101;22,20374147;9,474273732;16,34652083;190,6854223;2,17413372;3,367896582;10,545;560,4;31,36341757;2,016651075;3,886492467;3,183497262;145,2821242
14;Salobreña;No;No;No;Pie;50,31972524;25,43901417;8,461014725;27,95213349;80,1007499;2,011349697;5,131552282;9,705;724,4;35,93622142;3,472641111;8,125726963;3,931524855;36,37300361
15;Salobreña;No;No;No;Pie;43,89411933;25,45422882;10,38785238;12,56597202;136,7110224;2,668976531;5,519507609;10,02;448,4;41,56197353;2,385211559;7,216593839;8,215726666;213,8223553
16;Calahonda;Si;No;Si;Pie;42,70828716;19,11659729;5,572781095;13,10416986;NA;1,637798406;8,778645435;12,6;543,4;47,51865223;3,15037895;3,08016588;4,788826143;214,1269841
17;Calahonda;Si;No;Si;Pie;54,76756841;24,32342971;13,21364006;15,72194443;268,0125046;3,32616228;6,496291083;10,485;645,4;32,68712395;4,537859748;3,689904497;5,318953817;456,0801144
18;Calahonda;Si;No;Si;Pie;50,19875834;23,63628295;8,922905489;10,43219604;137,4567202;1,818911409;5,667746575;10,59;613,4;63,25270758;2,884550273;7,73730104;6,018114977;141,7374882
19;Almuñecar;Si;No;Si;Pie;47,24627332;22,91283806;8,960452755;13,39514711;360,8731637;2,294479361;2,294065518;10,74;449,4;52,42238267;3,324173335;7,640176489;6,663921119;32,86778399
20;Almuñecar;Si;No;Si;Pie;43,52743589;27,35310802;7,217787141;18,77209841;312,0689655;2,330935276;1,561518276;8,7;440,4;30,61131167;3,534472403;3,405156881;2,829415954;20,68965517
21;Almuñecar;Si;No;Si;Pie;64,20203634;30,34493225;7,804309502;13,70187505;376,4757471;2,551954733;2,582889674;8,235;588,4;41,83273165;4,631691801;10,90607547;4,723623371;160,0485732
22;Salobreña;Si;No;Si;Pie;47,22062567;30,55036756;8,429658185;11,43117412;255,9699202;3,706669846;5,27023266;10,86;677,4;40,38868833;2,283244571;6,067127901;2,152541673;63,99631676
23;Salobreña;Si;No;Si;Pie;41,57905055;18,53610533;6,614359907;10,76879027;166,9731197;1,749969511;2,828602245;12,69;564,4;56,3032491;2,06734394;8,75945449;3,474284887;41,52876281
24;Salobreña;Si;No;Si;Pie;47,80588101;21,86546421;8,656006663;11,96371768;193,6189201;2,673783427;NA;9,96;515,4;51,67027677;2,11867289;6,359094034;2,777885044;48,59437751
25;Calahonda;No;No;Si;Pie;47,25043155;16,29217899;7,318461951;4,733833512;NA;1,811477348;11,89710611;12;545,4;37,65102286;3,899099099;6,354474474;13,42592593;136,6666667
26;Calahonda;No;No;Si;Pie;51,47789171;18,9088605;7,747505487;8,263501093;177,4195326;1,265875968;10,77659538;10,08;657,4;72,1576414;1,997854998;4,890533391;12,44080476;59,07738095
27;Calahonda;No;No;Si;Pie;46,79379501;12,05975905;5,147057801;11,79316867;110,2848633;0,986143708;4,175801159;11,565;725,4;53,89651023;2,804018026;15,27572709;5,001736746;72,37354086
28;Almuñecar;No;No;Si;Pie;53,74154628;17,3863564;5,17047169;10,86389106;221,267511;1,235095917;5,261871838;11,58;731,4;50,40673887;2,680047924;4,920661594;10,70221277;62,69430052
29;Almuñecar;No;No;Si;Pie;48,76303454;18,48683204;9,65492602;8,621305639;271,9795658;1,411586389;2,959184931;10,875;571,4;60,90613718;4,010587139;4,323727866;11,45156695;46,66666667
30;Almuñecar;No;No;Si;Pie;58,59984348;23,51281952;15,9208259;10,86362238;260,5045253;1,807963788;4,885998528;8,655;629,4;46,43561974;0,161464758;0,092307212;5,727631378;122,4725592
31;Salobreña;No;No;Si;Pie;66,02262097;33,28610673;11,35203783;NA;310,654591;2,750724489;3,201228499;7,545;454,4;64,96750903;3,069534743;6,242998466;18,0682288;104,8376408
32;Salobreña;No;No;Si;Pie;62,67047494;24,93793413;14,86149741;4,464478511;377,6149776;2,008103669;2,239810921;9,555;469,4;39,33574007;2,897893184;5,64707879;16,2129283;142,4908425
33;Salobreña;No;No;Si;Pie;55,07267956;19,95717406;8,03726784;5,337978903;259,4941549;3,059794018;NA;10,17;461,4;49,44404332;4,53724521;3,861277206;9,748800309;120,1081613
34;Calahonda;No;Si;Si;Pie;60,43095237;20,08412273;8,596820293;4,604260073;285,2829943;1,834224095;8,894650504;8,52;558,4;46,61612515;4,773675084;6,164573024;4,363789575;37,08920188
35;Calahonda;No;Si;Si;Pie;60,00686423;23,64596312;11,42333181;5,587613662;209,2779648;0,910681996;3,951627746;8,91;548,4;41,38146811;3,005631895;4,289825179;7,053740156;78,67564534
36;Calahonda;No;Si;Si;Pie;57,47670895;18,34438672;8,529606153;7,500872089;383,5363188;2,215634118;5,939847223;8,895;670,4;49,9253911;3,31146661;3,665912118;4,477630763;34,85103991
37;Almuñecar;No;Si;Si;Pie;54,34491111;19,74830963;10,08140662;3,161843516;182,1269841;1,259246977;16,60031644;10,5;627,4;47,06738869;1,733607894;4,005148005;8,262108262;46,04761905
38;Almuñecar;No;Si;Si;Pie;55,89061902;19,41726728;7,246665929;NA;205,9785674;2,753163636;13,97646851;8,865;637,4;33,55956679;5,105979076;5,839585779;3,715152742;98,58996052
39;Almuñecar;No;Si;Si;Pie;49,54943638;19,86134227;9,948224639;10,89386339;326,0564529;2,109464956;9,04455598;10,215;651,4;57,0052146;2,167030467;5,520516111;4,852927026;60,10768478
40;Salobreña;No;Si;Si;Pie;49,34815868;22,13857903;7,553676054;6,098948587;246,9441389;2,392284169;4,731475291;9,09;466,4;NA;2,723119159;3,861643822;NA;128,2728273
41;Salobreña;No;Si;Si;Pie;53,04319923;23,90297283;12,19690995;3,09802917;189,9895178;NA;8,780089924;9,54;446;39,33574007;1,934387217;2,899087767;27,00286916;165,932914
42;Salobreña;No;Si;Si;Pie;48,226651;21,99380761;10,69769038;7,338749031;302,100271;2,01161541;1,016260163;9,84;416;36,26714801;2,666923021;3,585548964;6,835761066;NA
43;Calahonda;Si;Si;Si;Pie;42,92355744;16,82746277;6,765403228;7,96171793;237,8271605;3,062838705;5,477280847;12,375;592,25;47,09747292;2,573133133;12,19354627;5,007338341;33,57575758
44;Calahonda;Si;Si;Si;Pie;63,60198572;23,61902449;9,043802873;2,518567333;233,7259521;4,109668003;5,237546979;8,49;668,5;63,37304452;3,292691985;10,44773395;5,578017879;19,67020024
45;Calahonda;Si;Si;Si;Pie;42,49671688;20,16304078;4,46201968;6,795345806;257,6795816;1,732284853;2,509310139;10,41;597,25;40,71961492;3,883895423;7,223269379;5,617697891;46,493756
46;Almuñecar;Si;Si;Si;Pie;49,55673681;25,1201117;9,738740779;11,77030779;NA;1,543469218;1,900191357;9,015;337,25;42,82551143;2,766880025;3,636981407;NA;63,28341653
47;Almuñecar;Si;Si;Si;Pie;64,8227154;29,38939675;11,42490382;7,488654449;451,7141108;2,90666541;2,580614682;7,26;462,25;27,69314079;5,007867372;3,8366962;9,632013609;72,58953168
48;Almuñecar;Si;Si;Si;Pie;62,04841235;32,1550715;15,0572209;13,34962179;512,1624851;3,338932981;1,915814788;6,975;598,5;29,97954272;3,802047208;3,079828215;9,772386116;391,2544803
49;Salobreña;Si;Si;Si;Pie;70,20831092;31,51214152;11,76860566;NA;217,2673154;2,715450601;NA;7,7925;483,5;30,06979543;3,080208216;4,094535344;5,490842883;196,5992942
50;Salobreña;Si;Si;Si;Pie;64,56920584;30,67882499;9,53344422;11,61893826;159,7702365;3,367955185;NA;7,8825;459,75;43,18652226;5,323047119;6,470074261;3,221121656;66,85696162
51;Salobreña;Si;Si;Si;Pie;65,01057552;31,52283328;7,227367184;13,55152255;167,5891247;3,898008194;2,535014512;8,01;569,75;42,91576414;2,557613794;6,243501929;4,525593009;38,70162297
