individuo;playa;corte;madurez;cultivo;tejido;SOD;CAT;GPx;GR;GST;DTD;G6PDH;proteina;TEAC;MDA
1;Calahonda;No;No;No;Tentaculo;60,08735148;17,5909563;-1,177532045;10,43362648;120,3737313;1,59322396;2,340089052;8,265;860,75;28,68592058
2;Calahonda;No;No;No;Tentaculo;81,57910448;12,61740548;17,58935188;11,95062635;110,299407;1,866263245;5,499714465;5,715;578,25;24,98555957
3;Calahonda;No;No;No;Tentaculo;69,57396392;15,48941481;15,69448025;8,567901885;130,7181889;4,347641971;1,383900071;6,405;337;21,19494585
4;Calahonda;No;No;No;Tentaculo;82,01584034;18,61141991;40,96156791;12,32690247;106,2123457;5,438465608;1,396689294;5,625;475,75;22,21780987
5;Calahonda;No;No;No;Tentaculo;91,68168413;15,54728176;30,34127159;12,7674208;127,6159914;2,786234791;4,07314113;4,155;290,75;22,21780987
6;Almuñecar;No;No;No;Tentaculo;78,80594364;22,26323515;0,349264393;11,58501986;196,8062983;2,879993917;1,551356195;5,61;197;22,2478941
7;Almuñecar;No;No;No;Tentaculo;71,03409977;16,03658693;22,20259077;11,49820212;183,9136371;4,143061346;0,259967763;6,51;440,75;25,61732852
8;Almuñecar;No;No;No;Tentaculo;59,48804054;23,75735782;36,47985697;13,40756619;139,2787524;6,233389544;0,634381396;7,695;625,75;28,32490975
9;Almuñecar;No;No;No;Tentaculo;59,60744025;28,6370098;-1,994080948;22,90208688;243,4329287;8,433201058;10,15818975;3,57;595,75;30,94223827
10;Almuñecar;No;No;No;Tentaculo;63,57347318;12,60195011;10,03079331;14,90740741;NA;3,533689006;11,02774801;6,75;474,5;26,27918171
11;Salobreña;No;No;No;Tentaculo;95,2456637;38,81968872;36,992275;18,2103872;238,906868;8,596338248;8,641551363;4,635;228,25;26,73044525
12;Salobreña;No;No;No;Tentaculo;104,7870726;49,73818384;1,610124525;21,18445267;225,0244584;7,387735849;24,26742705;3,975;435,75;20,41275572
13;Salobreña;No;No;No;Tentaculo;81,73912567;37,48301768;90,37013721;14,51423658;203,8275044;5,480534554;6,913531594;5,385;283,25;20,50300842
14;Salobreña;No;No;No;Tentaculo;105,9947003;36,63666236;19,737102;23,80749632;153,747646;5,220826607;4,011723315;3,54;312;23,15042118
15;Salobreña;No;No;No;Tentaculo;77,31732954;34,01617365;-1,608450356;14,66040827;204,6934866;4,683189655;3,705140999;5,22;140,75;18,36702768
16;Calahonda;Si;No;Si;Tentaculo;65,68764837;NA;5,813164123;14,99722166;129,0993814;3,736416692;4,160147062;6,915;507;27,06137184
17;Calahonda;Si;No;Si;Tentaculo;65,20602745;28,44396073;31,76010009;12,43758502;158,0128205;5,769144918;5,608115536;6,24;NA;19,29963899
18;Calahonda;Si;No;Si;Tentaculo;88,81272338;40,73860188;13,23915895;21,27713023;169,5767196;5,600344073;9,360804879;5,04;447;30,82190132
19;Almuñecar;Si;No;Si;Tentaculo;64,27275308;27,95511474;4,468332826;14,05074377;160,3195641;3,872308477;1,989492129;7,545;233,25;26,6101083
20;Almuñecar;Si;No;Si;Tentaculo;72,94011467;34,94054724;14,5441621;17,30917098;137,8371578;6,036494278;NA;5,52;620,75;25,94825511
21;Almuñecar;Si;No;Si;Tentaculo;69,78500127;31,30251854;0,324567512;13,2491973;166,4706823;4,411129967;2,102725673;6,945;488,25;33,3188929
22;Salobreña;Si;No;Si;Tentaculo;99,59750901;NA;-9,863425103;19,31939979;206,2683438;5,768119197;3,543718444;3,975;NA;24,95547533
23;Salobreña;Si;No;Si;Tentaculo;72,29332382;28,92238301;11,44284726;15,51765656;151,2522434;2,771965247;6,771612895;6,81;390,75;27,33212996
24;Salobreña;Si;No;Si;Tentaculo;54,80895242;28,05336795;4,03571764;13,49948588;205,2130382;5,965498236;13,36496484;7,38;179,5;28,56558363
25;Calahonda;No;No;Si;Tentaculo;73,48558702;17,65417619;-1,253763319;13,73627049;108,1337071;1,943798238;13,76638446;6,54;408,25;29,97954272
26;Calahonda;No;No;Si;Tentaculo;67,0694754;13,20043829;8,060259399;10,9840668;98,55721393;2,649312959;22,6817223;7,035;NA;37,89169675
27;Calahonda;No;No;Si;Tentaculo;89,95321334;NA;-7,837163303;13,29490362;141,3644214;NA;NA;5,79;480,75;NA
28;Almuñecar;No;No;Si;Tentaculo;74,92295294;22,51298768;17,27867996;13,37462959;80,22352941;1,880283224;6,064771032;6,375;467;29,34777377
29;Almuñecar;No;No;Si;Tentaculo;72,17237821;18,05416129;-0,565583702;15,45760391;91,57695473;2,162442681;20,80901909;6,75;465,75;34,76293622
30;Almuñecar;No;No;Si;Tentaculo;84,96865457;16,82039724;4,057520948;12,81707753;122,0386905;2,768294123;12,83355875;5,04;233,25;26,45968712
31;Salobreña;No;No;Si;Tentaculo;NA;23,41330521;18,71416662;14,58854353;NA;2,684346578;9,08587801;2,295;153,25;NA
32;Salobreña;No;No;Si;Tentaculo;93,80890543;NA;6,407825407;13,78261223;147,3101266;1,822462494;NA;4,74;190,75;40,1179302
33;Salobreña;No;No;Si;Tentaculo;77,6305545;23,93453826;-1,398119318;14,76895191;115,1585103;1,978971552;2,734455024;5,415;NA;32,77737665
34;Calahonda;No;Si;Si;Tentaculo;71,83190722;31,36956961;-8,407936617;13,79565175;92,61721828;0,947199004;11,7804231;5,64;575,75;26,21901324
35;Calahonda;No;Si;Si;Tentaculo;72,10823409;30,00135684;-0,580918922;11,03421423;90,14419367;0,625795718;4,75337174;5,76;NA;30,40072202
36;Calahonda;No;Si;Si;Tentaculo;88,96628619;33,63260362;-15,6285345;13,38546234;139,479985;NA;5,634527964;4,455;504,5;22,45848375
37;Almuñecar;No;Si;Si;Tentaculo;64,21297659;20,76765386;-1,59257143;8,960378627;104,4345898;3,094155844;7,035692982;6,765;254,5;35,755716
38;Almuñecar;No;Si;Si;Tentaculo;83,68258985;31,5098696;-14,04989383;14,20778682;128,4783317;4,540764791;NA;5,115;304,5;33,77015644
39;Almuñecar;No;Si;Si;Tentaculo;71,27720193;34,91741284;-4,591673605;16,26297153;121,415685;3,254434439;12,77881683;5,235;NA;34,82310469
40;Salobreña;No;Si;Si;Tentaculo;63,8644187;19,33998036;-1,004174794;8,623506653;91,28545619;1,748809524;6,584668741;6,15;234,5;26,24909747
41;Salobreña;No;Si;Si;Tentaculo;70,71077955;NA;-0,234221331;8,662685011;83,03633823;1,753754728;5,913312856;7,155;401;39,84717208
42;Salobreña;No;Si;Si;Tentaculo;101,6759875;20,06321275;-3,895482213;11,12897463;103,2062455;1,576579521;3,761147188;3,825;142,25;17,28399519
43;Calahonda;Si;Si;Si;Tentaculo;53,28391518;10,93329813;-4,225692543;11,17121945;98,00133467;3,527477477;NA;8,325;412,25;29,25752106
44;Calahonda;Si;Si;Si;Tentaculo;66,02072246;10,75182568;-1,991072459;10,52725718;65,95292223;1,812984614;1,571624502;5,865;216;24,05294826
45;Calahonda;Si;Si;Si;Tentaculo;73,75179862;9,223083512;-5,265626741;11,33161793;90,77926626;2,017126972;2,401651383;6,345;558,5;25,94825511
46;Almuñecar;Si;Si;Si;Tentaculo;53,85706283;12,15590467;-4,601648551;9,029960446;77,35390174;1,833842084;8,639845241;7,995;NA;28,44524669
47;Almuñecar;Si;Si;Si;Tentaculo;70,2183886;11,2741542;0,375209776;11,09384451;107,173634;3,465127167;NA;6,06;188,5;22,48856799
48;Almuñecar;Si;Si;Si;Tentaculo;53,30382734;7,428748506;16,9663743;9,976512926;89,26432127;2,209955888;6,42395063;6,585;362,25;29,97954272
49;Salobreña;Si;Si;Si;Tentaculo;68,83666147;27,99142797;7,262971974;10,02445699;140,0139179;1,966986447;5,04728426;7,185;416;22,81949458
50;Salobreña;Si;Si;Si;Tentaculo;91,46195947;40,88460607;1,785571861;13,53694471;104,4246234;4,580598838;11,09068005;4,905;386;18,00601685
51;Salobreña;Si;Si;Si;Tentaculo;86,9323766;30,08289549;-2,515344976;11,67503659;97,94354839;2,846201712;14,77438179;5,58;273,5;18,39711191
1;Calahonda;No;No;No;Pie;80,78382957;26,16499994;-3,622096766;19,01157539;95,05743957;1,859593065;3,718981522;6,045;646,4;NA
2;Calahonda;No;No;No;Pie;46,57256378;16,93497148;20,06589492;9,468952169;75,70423661;1,8081373;25,17857097;10,425;608,4;66,95306859
3;Calahonda;No;No;No;Pie;41,28716217;19,86230093;-6,310591071;12,63169155;93,00495263;1,350105166;13,08269357;10,32;634,4;41,2912154
4;Calahonda;No;No;No;Pie;61,73644217;25,72761118;31,90442751;17,17978096;119,5210728;2,157109788;31,62459499;8,7;617,4;39,30565584
5;Calahonda;No;No;No;Pie;59,24978816;24,57088917;-5,507848371;9,212559192;121,0720922;1,64416994;9,478420984;8,97;582,4;55,06979543
6;Almuñecar;No;No;No;Pie;56,17183382;23,4820321;-3,309938056;23,46397845;113,9398222;2,243073956;39,64054844;9,435;546,4;36,59807461
7;Almuñecar;No;No;No;Pie;60,5016554;23,73690276;-6,555276732;16,15332043;118,808631;2,69492726;33,55359723;8,445;655,4;53,26474128
8;Almuñecar;No;No;No;Pie;45,06929573;15,63726559;-0,792194783;22,90476222;NA;1,669197544;26,87747815;9,78;608,4;39,2755716
9;Almuñecar;No;No;No;Pie;46,81072242;34,17549315;4,804030237;10,02023838;153,2987798;1,4036098;9,869205683;10,29;647,4;58,04813478
10;Almuñecar;No;No;No;Pie;44,46395095;27,25973717;7,321452936;8,411234854;174,5339711;1,864970961;9,872258068;9,06;598,4;46,64620939
11;Salobreña;No;No;No;Pie;58,60529297;27,97101683;2,547562066;15,80493523;NA;2,325927964;9,727055162;8,76;593,4;33,49939832
12;Salobreña;No;No;No;Pie;45,48133697;21,52869256;5,499034173;12,58749686;87,38625744;2,144932615;6,19363679;11,295;643,4;33,07821901
13;Salobreña;No;No;No;Pie;46,99006101;22,20374147;3,271651605;16,34652083;190,6854223;2,17413372;3,367896582;10,545;560,4;31,36341757
14;Salobreña;No;No;No;Pie;50,31972524;25,43901417;6,713381876;27,95213349;80,1007499;2,011349697;5,131552282;9,705;724,4;35,93622142
15;Salobreña;No;No;No;Pie;43,89411933;25,45422882;9,463541146;12,56597202;136,7110224;2,668976531;5,519507609;10,02;448,4;41,56197353
16;Calahonda;Si;No;Si;Pie;42,70828716;19,11659729;3,393056639;13,10416986;NA;1,637798406;8,778645435;12,6;543,4;47,51865223
17;Calahonda;Si;No;Si;Pie;54,76756841;24,32342971;8,537836533;15,72194443;268,0125046;3,32616228;6,496291083;10,485;645,4;32,68712395
18;Calahonda;Si;No;Si;Pie;50,19875834;23,63628295;5,965446586;10,43219604;137,4567202;1,818911409;5,667746575;10,59;613,4;63,25270758
19;Almuñecar;Si;No;Si;Pie;47,24627332;22,91283806;3,248842055;13,39514711;360,8731637;2,294479361;2,294065518;10,74;449,4;52,42238267
20;Almuñecar;Si;No;Si;Pie;43,52743589;27,35310802;7,375962914;18,77209841;312,0689655;2,330935276;1,561518276;8,7;440,4;30,61131167
21;Almuñecar;Si;No;Si;Pie;64,20203634;30,34493225;5,143839241;13,70187505;376,4757471;2,551954733;2,582889674;8,235;588,4;41,83273165
22;Salobreña;Si;No;Si;Pie;47,22062567;30,55036756;6,433640984;11,43117412;255,9699202;3,706669846;5,27023266;10,86;677,4;40,38868833
23;Salobreña;Si;No;Si;Pie;41,57905055;18,53610533;3,446415083;10,76879027;166,9731197;1,749969511;2,828602245;12,69;564,4;56,3032491
24;Salobreña;Si;No;Si;Pie;47,80588101;21,86546421;17,94474381;11,96371768;193,6189201;2,673783427;NA;9,96;515,4;51,67027677
25;Calahonda;No;No;Si;Pie;47,25043155;16,29217899;-5,754606237;4,733833512;NA;1,811477348;11,89710611;12;545,4;37,65102286
26;Calahonda;No;No;Si;Pie;51,47789171;18,9088605;-5,858481001;8,263501093;177,4195326;1,265875968;10,77659538;10,08;657,4;72,1576414
27;Calahonda;No;No;Si;Pie;46,79379501;12,05975905;-2,758094363;11,79316867;110,2848633;0,986143708;4,175801159;11,565;725,4;53,89651023
28;Almuñecar;No;No;Si;Pie;53,74154628;17,3863564;13,02291264;10,86389106;221,267511;1,235095917;5,261871838;11,58;731,4;50,40673887
29;Almuñecar;No;No;Si;Pie;48,76303454;18,48683204;4,419124588;8,621305639;271,9795658;1,411586389;2,959184931;10,875;571,4;60,90613718
30;Almuñecar;No;No;Si;Pie;58,59984348;23,51281952;21,6267007;10,86362238;260,5045253;1,807963788;4,885998528;8,655;629,4;46,43561974
31;Salobreña;No;No;Si;Pie;66,02262097;33,28610673;16,4223323;NA;310,654591;2,750724489;3,201228499;7,545;454,4;64,96750903
32;Salobreña;No;No;Si;Pie;62,67047494;24,93793413;14,51008932;4,464478511;377,6149776;2,008103669;2,239810921;9,555;469,4;39,33574007
33;Salobreña;No;No;Si;Pie;55,07267956;19,95717406;NA;5,337978903;259,4941549;3,059794018;NA;10,17;461,4;49,44404332
34;Calahonda;No;Si;Si;Pie;60,43095237;20,08412273;-0,879368146;4,604260073;285,2829943;1,834224095;8,894650504;8,52;558,4;46,61612515
35;Calahonda;No;Si;Si;Pie;60,00686423;23,64596312;-0,891600868;5,587613662;209,2779648;0,910681996;3,951627746;8,91;548,4;41,38146811
36;Calahonda;No;Si;Si;Pie;57,47670895;18,34438672;-3,82898792;7,500872089;383,5363188;2,215634118;5,939847223;8,895;670,4;49,9253911
37;Almuñecar;No;Si;Si;Pie;54,34491111;19,74830963;-0,599388022;3,161843516;182,1269841;1,259246977;16,60031644;10,5;627,4;47,06738869
38;Almuñecar;No;Si;Si;Pie;55,89061902;19,41726728;4,866949933;NA;205,9785674;2,753163636;13,97646851;8,865;637,4;33,55956679
39;Almuñecar;No;Si;Si;Pie;49,54943638;19,86134227;4,416103637;10,89386339;326,0564529;2,109464956;9,04455598;10,215;651,4;57,0052146
40;Salobreña;No;Si;Si;Pie;49,34815868;22,13857903;8,356523908;6,098948587;246,9441389;2,392284169;4,731475291;9,09;466,4;NA
41;Salobreña;No;Si;Si;Pie;53,04319923;23,90297283;7,179648831;3,09802917;189,9895178;NA;8,780089924;9,54;446;39,33574007
42;Salobreña;No;Si;Si;Pie;48,226651;21,99380761;3,84553302;7,338749031;302,100271;2,01161541;1,016260163;9,84;416;36,26714801
43;Calahonda;Si;Si;Si;Pie;42,92355744;16,82746277;1,46545154;7,96171793;237,8271605;3,062838705;5,477280847;12,375;592,25;47,09747292
44;Calahonda;Si;Si;Si;Pie;63,60198572;23,61902449;0,862637115;2,518567333;233,7259521;4,109668003;5,237546979;8,49;668,5;63,37304452
45;Calahonda;Si;Si;Si;Pie;42,49671688;20,16304078;2,068265966;6,795345806;257,6795816;1,732284853;2,509310139;10,41;597,25;40,71961492
46;Almuñecar;Si;Si;Si;Pie;49,55673681;25,1201117;4,459016074;11,77030779;NA;1,543469218;1,900191357;9,015;337,25;42,82551143
47;Almuñecar;Si;Si;Si;Pie;64,8227154;29,38939675;5,591050607;7,488654449;451,7141108;2,90666541;2,580614682;7,26;462,25;27,69314079
48;Almuñecar;Si;Si;Si;Pie;62,04841235;32,1550715;4,748971315;13,34962179;512,1624851;3,338932981;1,915814788;6,975;598,5;29,97954272
49;Salobreña;Si;Si;Si;Pie;70,20831092;31,51214152;11,8913309;NA;217,2673154;2,715450601;NA;7,7925;483,5;30,06979543
50;Salobreña;Si;Si;Si;Pie;64,56920584;30,67882499;14,1985504;11,61893826;159,7702365;3,367955185;NA;7,8825;459,75;43,18652226
51;Salobreña;Si;Si;Si;Pie;65,01057552;31,52283328;13,04494065;13,55152255;167,5891247;3,898008194;2,535014512;8,01;569,75;42,91576414
