individuo;playa;corte;madurez;cultivo;SOD_t;SOD_p;CAT_t;CAT_p;GPx_t;GPx_p;GR_t;GR_p;GST_p;GST_t;DTD_t;DTD_p;G6PDH_t;G6PDH_p;proteina_p;proteina_t;TEAC_p;TEAC_t;MDA_p;MDA_t;Facida_p;Facida_t;Fbasica_t;Fbasica_p;Mielo_t;Mielo_p;Lisozima_p
1;Calahonda;No;No;No;60,08735148;80,78382957;17,5909563;26,16499994;11,73772847;17,70173148;10,43362648;19,01157539;95,05743957;120,3737313;1,59322396;1,859593065;2,340089052;3,718981522;6,045;8,265;646,4;860,75;NA;28,68592058;4,131536003;2,385180098;6,721494634;4,932495771;17,67318938;32,36419517;316,9561621
2;Calahonda;No;No;No;81,57910448;46,57256378;12,61740548;16,93497148;7,818221543;9,93031941;11,95062635;9,468952169;75,70423661;110,299407;1,866263245;1,8081373;5,499714465;25,17857097;10,425;5,715;608,4;578,25;66,95306859;24,98555957;2,484222352;2,284363103;10,66137003;10,70354959;12,2359438;26,32283916;160,2398082
3;Calahonda;No;No;No;69,57396392;41,28716217;15,48941481;19,86230093;12,04218971;8,346263616;8,567901885;12,63169155;93,00495263;130,7181889;4,347641971;1,350105166;1,383900071;13,08269357;10,32;6,405;634,4;337;41,2912154;21,19494585;2,078706614;1,724328544;9,596781794;4,443327048;13,26871368;3,721251159;152,0348837
4;Calahonda;No;No;No;82,01584034;61,73644217;18,61141991;25,72761118;13,26426105;12,78011852;12,32690247;17,17978096;119,5210728;106,2123457;5,438465608;2,157109788;1,396689294;31,62459499;8,7;5,625;617,4;475,75;39,30565584;22,21780987;2,200062131;1,813717718;9,407167167;4,587635912;8,961633428;4,148860399;168,9655172
5;Calahonda;No;No;No;91,68168413;59,24978816;15,54728176;24,57088917;12,35936506;16,93898084;12,7674208;9,212559192;121,0720922;127,6159914;2,786234791;1,64416994;4,07314113;9,478420984;8,97;4,155;582,4;290,75;55,06979543;22,21780987;2,554621511;2,689563209;15,95923722;9,802966846;7,225616341;16,18571878;161,8729097
6;Almuñecar;No;No;No;78,80594364;56,17183382;22,26323515;23,4820321;13,92542791;11,37273078;11,58501986;23,46397845;113,9398222;196,8062983;2,879993917;2,243073956;1,551356195;39,64054844;9,435;5,61;546,4;197;36,59807461;22,2478941;3,101581709;1,801030978;7,994989642;6,939238125;5,22180706;20,30718501;134,7641759
7;Almuñecar;No;No;No;71,03409977;60,5016554;16,03658693;23,73690276;11,69566814;13,7307983;11,49820212;16,15332043;118,808631;183,9136371;4,143061346;2,69492726;0,259967763;33,55359723;8,445;6,51;655,4;440,75;53,26474128;25,61732852;3,399164706;2,326732262;8,970149873;7,573072184;7,567253535;26,03004357;193,901717
8;Almuñecar;No;No;No;59,48804054;45,06929573;23,75735782;15,63726559;9,678686415;12,09212536;13,40756619;22,90476222;NA;139,2787524;6,233389544;1,669197544;0,634381396;26,87747815;9,78;7,695;608,4;625,75;39,2755716;28,32490975;3,554044842;2,1680628;7,854778755;4,156598316;9,441834247;13,27544658;147,1370143
9;Almuñecar;No;No;No;59,60744025;46,81072242;28,6370098;34,17549315;16,74142326;12,36775525;22,90208688;10,02023838;153,2987798;243,4329287;8,433201058;1,4036098;10,15818975;9,869205683;10,29;3,57;647,4;595,75;58,04813478;30,94223827;2,780378046;3,698084639;18,29257829;3,937768672;23,26755489;3,441541452;209,4752187
10;Almuñecar;No;No;No;63,57347318;44,46395095;12,60195011;27,25973717;9,485530547;11,81092348;14,90740741;8,411234854;174,5339711;NA;3,533689006;1,864970961;11,02774801;9,872258068;9,06;6,75;598,4;474,5;46,64620939;26,27918171;4,38247519;3,015655656;10,14048715;6,63086928;13,11380184;7,915003962;128,0353201
11;Salobreña;No;No;No;95,2456637;58,60529297;38,81968872;27,97101683;9,19480027;10,75634889;18,2103872;15,80493523;NA;238,906868;8,596338248;2,325927964;8,641551363;9,727055162;8,76;4,635;593,4;228,25;33,49939832;26,73044525;2,507795467;2,585731362;14,52357212;23,40075692;13,72673084;1,542071576;67,35159817
12;Salobreña;No;No;No;104,7870726;45,48133697;49,73818384;21,52869256;9,669895583;10,19739074;21,18445267;12,58749686;87,38625744;225,0244584;7,387735849;2,144932615;24,26742705;6,19363679;11,295;3,975;643,4;435,75;33,07821901;20,41275572;2,863612617;2,847526772;12,6767069;3,182497238;14,93804763;14,89209354;92,16467463
13;Salobreña;No;No;No;81,73912567;46,99006101;37,48301768;22,20374147;12,75574942;9,474273732;14,51423658;16,34652083;190,6854223;203,8275044;5,480534554;2,17413372;6,913531594;3,367896582;10,545;5,385;560,4;283,25;31,36341757;20,50300842;2,016651075;2,150116691;11,04917731;3,886492467;6,268500663;3,183497262;145,2821242
14;Salobreña;No;No;No;105,9947003;50,31972524;36,63666236;25,43901417;14,7109137;8,461014725;23,80749632;27,95213349;80,1007499;153,747646;5,220826607;2,011349697;4,011723315;5,131552282;9,705;3,54;724,4;312;35,93622142;23,15042118;3,472641111;3,119560238;11,18338678;8,125726963;18,96171351;3,931524855;36,37300361
15;Salobreña;No;No;No;77,31732954;43,89411933;34,01617365;25,45422882;10,63341588;10,38785238;14,66040827;12,56597202;136,7110224;204,6934866;4,683189655;2,668976531;3,705140999;5,519507609;10,02;5,22;448,4;140,75;41,56197353;18,36702768;2,385211559;2,013461738;8,297124711;7,216593839;5,211301045;8,215726666;213,8223553
16;Calahonda;Si;No;Si;65,68764837;42,70828716;NA;19,11659729;12,65752643;5,572781095;14,99722166;13,10416986;NA;129,0993814;3,736416692;1,637798406;4,160147062;8,778645435;12,6;6,915;543,4;507;47,51865223;27,06137184;3,15037895;2,524085908;9,403451174;3,08016588;12,35731811;4,788826143;214,1269841
17;Calahonda;Si;No;Si;65,20602745;54,76756841;28,44396073;24,32342971;7,211967873;13,21364006;12,43758502;15,72194443;268,0125046;158,0128205;5,769144918;3,32616228;5,608115536;6,496291083;10,485;6,24;645,4;NA;32,68712395;19,29963899;4,537859748;2,503638254;7,624855625;3,689904497;8,949789749;5,318953817;456,0801144
18;Calahonda;Si;No;Si;88,81272338;50,19875834;40,73860188;23,63628295;10,0562063;8,922905489;21,27713023;10,43219604;137,4567202;169,5767196;5,600344073;1,818911409;9,360804879;5,667746575;10,59;5,04;613,4;447;63,25270758;30,82190132;2,884550273;3,543543544;19,17231517;7,73730104;16,33364706;6,018114977;141,7374882
19;Almuñecar;Si;No;Si;64,27275308;47,24627332;27,95511474;22,91283806;7,655034424;8,960452755;14,05074377;13,39514711;360,8731637;160,3195641;3,872308477;2,294479361;1,989492129;2,294065518;10,74;7,545;449,4;233,25;52,42238267;26,6101083;3,324173335;2,136944101;6,740864125;7,640176489;8,101958052;6,663921119;32,86778399
20;Almuñecar;Si;No;Si;72,94011467;43,52743589;34,94054724;27,35310802;13,5020077;7,217787141;17,30917098;18,77209841;312,0689655;137,8371578;6,036494278;2,330935276;NA;1,561518276;8,7;5,52;440,4;620,75;30,61131167;25,94825511;3,534472403;2,003721112;7,358924142;3,405156881;19,71231265;2,829415954;20,68965517
21;Almuñecar;Si;No;Si;69,78500127;64,20203634;31,30251854;30,34493225;5,893419202;7,804309502;13,2491973;13,70187505;376,4757471;166,4706823;4,411129967;2,551954733;2,102725673;2,582889674;8,235;6,945;588,4;488,25;41,83273165;33,3188929;4,631691801;2,29681085;10,70838441;10,90607547;11,70167925;4,723623371;160,0485732
22;Salobreña;Si;No;Si;99,59750901;47,22062567;NA;30,55036756;15,24466285;8,429658185;19,31939979;11,43117412;255,9699202;206,2683438;5,768119197;3,706669846;3,543718444;5,27023266;10,86;3,975;677,4;NA;40,38868833;24,95547533;2,283244571;3,059663437;16,99958071;6,067127901;10,77191851;2,152541673;63,99631676
23;Salobreña;Si;No;Si;72,29332382;41,57905055;28,92238301;18,53610533;16,14996231;6,614359907;15,51765656;10,76879027;166,9731197;151,2522434;2,771965247;1,749969511;6,771612895;2,828602245;12,69;6,81;564,4;390,75;56,3032491;27,33212996;2,06734394;2,268524031;11,85855459;8,75945449;14,54513222;3,474284887;41,52876281
24;Salobreña;Si;No;Si;54,80895242;47,80588101;28,05336795;21,86546421;3,73064422;8,656006663;13,49948588;11,96371768;193,6189201;205,2130382;5,965498236;2,673783427;13,36496484;NA;9,96;7,38;515,4;179,5;51,67027677;28,56558363;2,11867289;1,796528236;22,77770453;6,359094034;21,85806233;2,777885044;48,59437751
25;Calahonda;No;No;Si;73,48558702;47,25043155;17,65417619;16,29217899;10,07691148;7,318461951;13,73627049;4,733833512;NA;108,1337071;1,943798238;1,811477348;13,76638446;11,89710611;12;6,54;545,4;408,25;37,65102286;29,97954272;3,899099099;NA;4,635959515;6,354474474;15,92026124;13,42592593;136,6666667
26;Calahonda;No;No;Si;67,0694754;51,47789171;13,20043829;18,9088605;5,867538742;7,747505487;10,9840668;8,263501093;177,4195326;98,55721393;2,649312959;1,265875968;22,6817223;10,77659538;10,08;7,035;657,4;NA;72,1576414;37,89169675;1,997854998;2,282026163;7,440993232;4,890533391;10,10082372;12,44080476;59,07738095
27;Calahonda;No;No;Si;89,95321334;46,79379501;NA;12,05975905;10,10029489;5,147057801;13,29490362;11,79316867;110,2848633;141,3644214;NA;0,986143708;NA;4,175801159;11,565;5,79;725,4;480,75;53,89651023;NA;2,804018026;3,072025393;4,623566572;15,27572709;17,15564708;5,001736746;72,37354086
28;Almuñecar;No;No;Si;74,92295294;53,74154628;22,51298768;17,3863564;11,80463611;5,17047169;13,37462959;10,86389106;221,267511;80,22352941;1,880283224;1,235095917;6,064771032;5,261871838;11,58;6,375;731,4;467;50,40673887;29,34777377;2,680047924;1,733121357;10,8493623;4,920661594;9,345902464;10,70221277;62,69430052
29;Almuñecar;No;No;Si;72,17237821;48,76303454;18,05416129;18,48683204;9,060775674;9,65492602;15,45760391;8,621305639;271,9795658;91,57695473;2,162442681;1,411586389;20,80901909;2,959184931;10,875;6,75;571,4;465,75;60,90613718;34,76293622;4,010587139;2,569449449;17,12005339;4,323727866;12,37709718;11,45156695;46,66666667
30;Almuñecar;No;No;Si;84,96865457;58,59984348;16,82039724;23,51281952;5,776403988;15,9208259;12,81707753;10,86362238;260,5045253;122,0386905;2,768294123;1,807963788;12,83355875;4,885998528;8,655;5,04;629,4;233,25;46,43561974;26,45968712;0,161464758;1,594165594;11,93536394;0,092307212;13,32756749;5,727631378;122,4725592
31;Salobreña;No;No;Si;NA;66,02262097;23,41330521;33,28610673;7,260553468;11,35203783;14,58854353;NA;310,654591;NA;2,684346578;2,750724489;9,08587801;3,201228499;7,545;2,295;454,4;153,25;64,96750903;NA;3,069534743;3,340752517;18,98745805;6,242998466;19,15675102;18,0682288;104,8376408
32;Salobreña;No;No;Si;93,80890543;62,67047494;NA;24,93793413;12,77298402;14,86149741;13,78261223;4,464478511;377,6149776;147,3101266;1,822462494;2,008103669;NA;2,239810921;9,555;4,74;469,4;190,75;39,33574007;40,1179302;2,897893184;2,101493899;13,04200403;5,64707879;14,31488694;16,2129283;142,4908425
33;Salobreña;No;No;Si;77,6305545;55,07267956;23,93453826;19,95717406;9,280619612;8,03726784;14,76895191;5,337978903;259,4941549;115,1585103;1,978971552;3,059794018;2,734455024;NA;10,17;5,415;461,4;NA;49,44404332;32,77737665;4,53724521;3,010656085;12,24892483;3,861277206;29,04325591;9,748800309;120,1081613
34;Calahonda;No;Si;Si;71,83190722;60,43095237;31,36956961;20,08412273;6,192846229;8,596820293;13,79565175;4,604260073;285,2829943;92,61721828;0,947199004;1,834224095;11,7804231;8,894650504;8,52;5,64;558,4;575,75;46,61612515;26,21901324;4,773675084;3,014951121;7,633505846;6,164573024;17,18068058;4,363789575;37,08920188
35;Calahonda;No;Si;Si;72,10823409;60,00686423;30,00135684;23,64596312;8,301420894;11,42333181;11,03421423;5,587613662;209,2779648;90,14419367;0,625795718;0,910681996;4,75337174;3,951627746;8,91;5,76;548,4;NA;41,38146811;30,40072202;3,005631895;3,483295796;10,67767768;4,289825179;17,67800703;7,053740156;78,67564534
36;Calahonda;No;Si;Si;88,96628619;57,47670895;33,63260362;18,34438672;8,754329047;8,529606153;13,38546234;7,500872089;383,5363188;139,479985;NA;2,215634118;5,634527964;5,939847223;8,895;4,455;670,4;504,5;49,9253911;22,45848375;3,31146661;2,27694361;6,134295912;3,665912118;16,39555575;4,477630763;34,85103991
37;Almuñecar;No;Si;Si;64,21297659;54,34491111;20,76765386;19,74830963;6,885972104;10,08140662;8,960378627;3,161843516;182,1269841;104,4345898;3,094155844;1,259246977;7,035692982;16,60031644;10,5;6,765;627,4;254,5;47,06738869;35,755716;1,733607894;1,819540161;9,945413262;4,005148005;9,642942875;8,262108262;46,04761905
38;Almuñecar;No;Si;Si;83,68258985;55,89061902;31,5098696;19,41726728;10,56357581;7,246665929;14,20778682;NA;205,9785674;128,4783317;4,540764791;2,753163636;NA;13,97646851;8,865;5,115;637,4;304,5;33,55956679;33,77015644;5,105979076;3,511030092;10,48743758;5,839585779;25,52833964;3,715152742;98,58996052
39;Almuñecar;No;Si;Si;71,27720193;49,54943638;34,91741284;19,86134227;10,54152578;9,948224639;16,26297153;10,89386339;326,0564529;121,415685;3,254434439;2,109464956;12,77881683;9,04455598;10,215;5,235;651,4;NA;57,0052146;34,82310469;2,167030467;3,074524381;12,80501132;5,520516111;28,7220712;4,852927026;60,10768478
40;Salobreña;No;Si;Si;63,8644187;49,34815868;19,33998036;22,13857903;9,334779843;7,553676054;8,623506653;6,098948587;246,9441389;91,28545619;1,748809524;2,392284169;6,584668741;4,731475291;9,09;6,15;466,4;234,5;NA;26,24909747;2,723119159;1,14225445;6,217417417;3,861643822;11,81128831;NA;128,2728273
41;Salobreña;No;Si;Si;70,71077955;53,04319923;NA;23,90297283;9,877367104;12,19690995;8,662685011;3,09802917;189,9895178;83,03633823;1,753754728;NA;5,913312856;8,780089924;9,54;7,155;446;401;39,33574007;39,84717208;1,934387217;1,586945436;10,36427623;2,899087767;8,296750225;27,00286916;165,932914
42;Salobreña;No;Si;Si;101,6759875;48,226651;20,06321275;21,99380761;12,08765035;10,69769038;11,12897463;7,338749031;302,100271;103,2062455;1,576579521;2,01161541;3,761147188;1,016260163;9,84;3,825;416;142,25;36,26714801;17,28399519;2,666923021;2,38403109;9,651816522;3,585548964;9,327272219;6,835761066;NA
43;Calahonda;Si;Si;Si;53,28391518;42,92355744;10,93329813;16,82746277;6,596628783;6,765403228;11,17121945;7,96171793;237,8271605;98,00133467;3,527477477;3,062838705;NA;5,477280847;12,375;8,325;592,25;412,25;47,09747292;29,25752106;2,573133133;2,054118984;8,697822146;12,19354627;7,834116167;5,007338341;33,57575758
44;Calahonda;Si;Si;Si;66,02072246;63,60198572;10,75182568;23,61902449;8,563982935;9,043802873;10,52725718;2,518567333;233,7259521;65,95292223;1,812984614;4,109668003;1,571624502;5,237546979;8,49;5,865;668,5;216;63,37304452;24,05294826;3,292691985;1,597198221;11,41061266;10,44773395;9,532592301;5,578017879;19,67020024
45;Calahonda;Si;Si;Si;73,75179862;42,49671688;9,223083512;20,16304078;6,644977056;4,46201968;11,33161793;6,795345806;257,6795816;90,77926626;2,017126972;1,732284853;2,401651383;2,509310139;10,41;6,345;597,25;558,5;40,71961492;25,94825511;3,883895423;2,452495048;8,044810768;7,223269379;11,60943404;5,617697891;46,493756
46;Almuñecar;Si;Si;Si;53,85706283;49,55673681;12,15590467;25,1201117;4,710540551;9,738740779;9,029960446;11,77030779;NA;77,35390174;1,833842084;1,543469218;8,639845241;1,900191357;9,015;7,995;337,25;NA;42,82551143;28,44524669;2,766880025;1,585044707;9,100282271;3,636981407;9,757968388;NA;63,28341653
47;Almuñecar;Si;Si;Si;70,2183886;64,8227154;11,2741542;29,38939675;7,992157737;11,42490382;11,09384451;7,488654449;451,7141108;107,173634;3,465127167;2,90666541;NA;2,580614682;7,26;6,06;462,25;188,5;27,69314079;22,48856799;5,007867372;2,414414414;6,517646359;3,8366962;7,919557981;9,632013609;72,58953168
48;Almuñecar;Si;Si;Si;53,30382734;62,04841235;7,428748506;32,1550715;12,58788324;15,0572209;9,976512926;13,34962179;512,1624851;89,26432127;2,209955888;3,338932981;6,42395063;1,915814788;6,975;6,585;598,5;362,25;29,97954272;29,97954272;3,802047208;1,524513124;8,804284923;3,079828215;13,4823868;9,772386116;391,2544803
49;Salobreña;Si;Si;Si;68,83666147;70,20831092;27,99142797;31,51214152;7,609711491;11,76860566;10,02445699;NA;217,2673154;140,0139179;1,966986447;2,715450601;5,04728426;NA;7,7925;7,185;483,5;416;30,06979543;22,81949458;3,080208216;1,680979518;7,444538484;4,094535344;17,20769469;5,490842883;196,5992942
50;Salobreña;Si;Si;Si;91,46195947;64,56920584;40,88460607;30,67882499;5,716873545;9,53344422;13,53694471;11,61893826;159,7702365;104,4246234;4,580598838;3,367955185;11,09068005;NA;7,8825;4,905;459,75;386;43,18652226;18,00601685;5,323047119;2,716455905;11,50978501;6,470074261;24,44207028;3,221121656;66,85696162
51;Salobreña;Si;Si;Si;86,9323766;65,01057552;30,08289549;31,52283328;9,462384799;7,227367184;11,67503659;13,55152255;167,5891247;97,94354839;2,846201712;3,898008194;14,77438179;2,535014512;8,01;5,58;569,75;273,5;42,91576414;18,39711191;2,557613794;1,801317446;7,572217379;6,243501929;20,19163756;4,525593009;38,70162297
